[DATE];[USER];[ACTION]
2023-09-19T21:16:55.821Z;spetushkou;[package-bootstrap]: prepare a local project done
2023-09-19T21:16:55.825Z;spetushkou;[package-bootstrap]: initialize package.json done
2023-09-19T21:16:55.827Z;spetushkou;[package-bootstrap]: npm install done
2023-09-19T21:16:55.830Z;spetushkou;[package-bootstrap]: initialize CHANGELOG.md done
2023-09-19T21:16:55.834Z;spetushkou;[package-bootstrap]: initialize TODO done
2023-09-19T21:16:55.836Z;spetushkou;[package-bootstrap]: initialize README.md done
2023-09-19T21:16:57.698Z;spetushkou;[package-bootstrap]: remote repo create raven-devs/linux-commands done
2023-09-19T21:16:57.706Z;spetushkou;[package-bootstrap]: initialize a remote git repo done
2023-09-19T21:16:57.792Z;spetushkou;"Switched to a new branch main
"
2023-09-19T21:16:59.880Z;spetushkou;"To github.com:raven-devs/linux-commands.git
 * [new branch]      main -> main
"
2023-09-19T21:16:59.907Z;spetushkou;"Switched to a new branch develop
"
2023-09-19T21:17:01.853Z;spetushkou;[package-bootstrap]: initialize a local git repo done
2023-09-19T21:17:01.852Z;spetushkou;"remote: 
remote: Create a pull request for develop on GitHub by visiting:        
remote:      https://github.com/raven-devs/linux-commands/pull/new/develop        
remote: 
To github.com:raven-devs/linux-commands.git
 * [new branch]      develop -> develop
"
2023-09-19T21:17:01.858Z;spetushkou;[package-bootstrap]: successfull
2023-09-19T21:17:57.340Z;spetushkou;"\"npm\""
2023-09-19T21:17:57.341Z;spetushkou;"\" WARN deprecated uuid@3.4.0: Please upgrade  to version 7 or higher.  Older versions may use Math.random() in certain circumstances, which is known to be problematic.  See https://v8.dev/blog/math-random for details.\n\""
2023-09-19T21:17:58.306Z;spetushkou;"
> @raven-devs/linux-commands@0.1.0 prepare
> husky install

"
2023-09-19T21:17:58.519Z;spetushkou;"husky - Git hooks installed
"
2023-09-19T21:17:58.528Z;spetushkou;"
added 814 packages, and audited 815 packages in 1m
"
2023-09-19T21:17:58.528Z;spetushkou;"
178 packages are looking for funding
  run `npm fund` for details
"
2023-09-19T21:17:58.529Z;spetushkou;"
found 0 vulnerabilities
"
